47.697,8.7103
47.693,8.6786
47.697,8.6756
47.707,8.6703
47.711,8.6706
47.712,8.6753
47.714,8.6989
47.713,8.705
47.711,8.7083
47.707,8.7097
NaN,NaN
53.602,6.8064
53.601,6.8047
53.601,6.7994
53.602,6.7967
53.602,6.7753
53.598,6.7531
53.597,6.7492
53.587,6.7256
53.585,6.7231
53.581,6.7269
53.56,6.7469
53.567,6.6906
53.571,6.6733
53.576,6.6639
53.58,6.66
53.586,6.6583
53.593,6.6586
53.599,6.6611
53.601,6.6631
53.604,6.6694
53.619,6.7475
53.619,6.7586
53.617,6.7722
53.604,6.8042
NaN,NaN
53.669,6.9394
53.666,6.8936
53.667,6.8828
53.668,6.8786
53.67,6.8764
53.672,6.8783
53.674,6.8814
53.677,6.8989
53.681,6.9436
53.687,7.0636
53.687,7.0811
53.686,7.0856
53.684,7.0883
53.682,7.0883
53.68,7.0842
NaN,NaN
53.704,7.2425
53.699,7.1586
53.7,7.1483
53.702,7.1408
53.706,7.1358
53.709,7.1372
53.711,7.1403
53.72,7.1753
53.725,7.2011
53.727,7.2986
53.727,7.3269
53.726,7.3369
53.724,7.3408
53.721,7.3469
53.718,7.3458
53.715,7.3275
53.706,7.2628
NaN,NaN
53.725,8.1911
53.709,8.1242
53.71,8.1208
53.713,8.12
53.724,8.1247
53.728,8.1292
53.731,8.1353
53.734,8.1428
53.736,8.1564
53.735,8.1731
53.733,8.1817
53.73,8.1883
53.726,8.1933
NaN,NaN
53.754,7.6222
53.744,7.6286
53.742,7.6289
53.744,7.6217
53.747,7.6078
53.749,7.5869
53.749,7.5753
53.746,7.5183
53.745,7.5142
53.743,7.5111
53.722,7.4781
53.723,7.4736
53.727,7.4692
53.733,7.4678
53.74,7.4686
53.749,7.4722
53.755,7.4789
53.757,7.4858
53.76,7.5158
53.761,7.5756
53.761,7.6097
53.76,7.615
53.759,7.6183
NaN,NaN
53.761,7.7589
53.755,7.6697
53.759,7.6647
53.762,7.6644
53.764,7.6658
53.769,7.6694
53.773,7.6744
53.778,7.6839
53.779,7.6986
53.778,7.8047
53.777,7.81
53.776,7.8128
53.773,7.8108
53.772,7.8072
NaN,NaN
53.928,8.4253
53.926,8.4222
53.928,8.4131
53.948,8.4069
53.951,8.4078
53.956,8.4117
53.963,8.4228
53.965,8.4311
53.966,8.4411
53.963,8.455
53.961,8.4572
NaN,NaN
53.961,11.459
53.959,11.451
53.961,11.429
53.962,11.424
53.968,11.393
53.969,11.389
53.975,11.377
53.977,11.376
53.982,11.373
53.989,11.374
53.992,11.375
53.997,11.379
54,11.384
54.007,11.402
54.022,11.444
54.024,11.453
54.025,11.462
54.025,11.473
54.023,11.489
54.021,11.492
54.017,11.495
54.01,11.494
53.984,11.48
53.979,11.477
53.969,11.47
53.967,11.468
NaN,NaN
54.025,13.94
54.016,13.931
54.018,13.926
54.021,13.927
54.028,13.934
54.027,13.939
NaN,NaN
54.041,8.6956
54.04,8.6919
54.041,8.6817
54.045,8.6767
54.049,8.6731
54.064,8.6661
54.073,8.6675
54.076,8.6689
54.078,8.6714
54.081,8.6781
54.084,8.6906
54.082,8.6933
54.059,8.7
54.044,8.6975
NaN,NaN
54.061,11.544
54.049,11.511
54.052,11.511
54.061,11.515
54.077,11.529
54.082,11.536
54.095,11.556
54.096,11.559
54.105,11.612
54.075,11.568
NaN,NaN
54.065,14.001
53.999,14.105
53.948,14.181
53.945,14.187
53.932,14.214
53.929,14.226
53.9,14.216
53.869,14.219
53.875,14.196
53.875,14.191
53.873,14.082
53.872,14.045
53.87,14.038
53.865,14.029
53.854,14.008
53.85,13.992
53.844,13.949
53.839,13.893
53.841,13.877
53.851,13.827
53.854,13.823
53.858,13.825
53.867,13.833
53.87,13.836
53.871,13.839
53.878,13.872
53.897,13.929
53.915,13.94
53.941,13.958
53.963,13.982
53.949,14.013
53.943,14.031
53.942,14.049
53.985,14.056
54.005,14.048
54.014,14.014
54.026,14.008
54.04,13.998
54.057,13.98
54.061,13.954
54.063,13.93
54.055,13.919
54.036,13.926
54.027,13.912
54.014,13.903
54.01,13.898
53.999,13.861
54,13.857
54.037,13.823
54.072,13.809
54.098,13.817
54.111,13.804
54.14,13.76
54.142,13.759
54.15,13.756
54.157,13.758
54.16,13.759
54.164,13.764
54.168,13.77
54.171,13.781
54.171,13.801
54.169,13.813
54.165,13.818
54.162,13.819
54.155,13.823
54.143,13.826
54.138,13.828
54.134,13.832
54.107,13.866
54.09,13.892
54.082,13.921
54.077,13.938
54.073,13.965
NaN,NaN
54.381,10.979
54.382,10.995
54.38,11.018
54.379,11.017
54.377,11.013
54.377,11.003
54.378,10.986
NaN,NaN
54.417,12.73
54.416,12.689
54.418,12.686
54.425,12.697
54.428,12.703
54.428,12.707
54.423,12.727
54.419,12.732
NaN,NaN
54.462,8.8931
54.462,8.8375
54.463,8.8269
54.465,8.8194
54.469,8.8147
54.472,8.8142
54.498,8.8142
54.501,8.815
54.503,8.8169
54.524,8.8622
54.525,8.8658
54.525,8.9214
54.523,8.9425
54.519,8.9606
54.509,8.9547
54.474,8.925
54.468,8.9178
54.466,8.9147
54.464,8.9069
NaN,NaN
54.407,11.313
54.407,11.139
54.407,11.124
54.439,11.021
54.446,11.01
54.448,11.008
54.454,11.006
54.462,11.006
54.477,11.011
54.491,11.019
54.501,11.026
54.508,11.032
54.518,11.044
54.534,11.065
54.535,11.069
54.52,11.184
54.505,11.229
54.501,11.235
54.496,11.243
54.493,11.245
54.459,11.274
54.426,11.301
54.422,11.304
54.41,11.312
NaN,NaN
54.494,8.6628
54.491,8.6328
54.493,8.6164
54.494,8.6125
54.496,8.6103
54.509,8.5978
54.516,8.5919
54.525,8.5903
54.528,8.5911
54.53,8.5931
54.533,8.5997
54.546,8.6422
54.554,8.6914
54.554,8.7028
54.552,8.7108
54.549,8.7111
54.532,8.7097
54.53,8.7083
54.511,8.6919
54.505,8.6856
54.501,8.6803
54.496,8.6711
NaN,NaN
54.489,13.074
54.465,13.063
54.469,13.061
54.476,13.06
54.486,13.061
54.5,13.064
54.591,13.097
54.597,13.104
54.6,13.11
54.603,13.117
54.604,13.137
54.604,13.147
54.603,13.151
54.601,13.154
54.598,13.155
54.584,13.158
54.581,13.158
54.534,13.111
54.531,13.109
NaN,NaN
54.639,13.383
54.607,13.391
54.589,13.407
54.578,13.433
54.573,13.456
54.575,13.482
54.577,13.516
54.585,13.593
54.586,13.618
54.586,13.634
54.585,13.639
54.583,13.647
54.569,13.672
54.565,13.677
54.563,13.678
54.542,13.679
54.532,13.678
54.526,13.675
54.522,13.67
54.521,13.667
54.516,13.647
54.513,13.641
54.486,13.591
54.483,13.585
54.478,13.581
54.472,13.578
54.462,13.576
54.46,13.577
54.454,13.578
54.442,13.584
54.404,13.617
54.402,13.621
54.401,13.631
54.401,13.646
54.402,13.667
54.401,13.676
54.388,13.702
54.384,13.707
54.378,13.714
54.355,13.731
54.331,13.744
54.276,13.731
54.274,13.727
54.272,13.715
54.272,13.711
54.281,13.696
54.283,13.694
54.284,13.696
54.297,13.711
54.321,13.713
54.324,13.712
54.348,13.689
54.349,13.684
54.343,13.508
54.342,13.504
54.328,13.469
54.275,13.359
54.273,13.357
54.27,13.355
54.26,13.357
54.265,13.403
54.265,13.408
54.265,13.413
54.261,13.42
54.259,13.422
54.252,13.426
54.244,13.429
54.238,13.429
54.234,13.424
54.222,13.398
54.221,13.393
54.249,13.319
54.255,13.268
54.256,13.257
54.258,13.25
54.306,13.156
54.331,13.122
54.334,13.118
54.339,13.117
54.343,13.118
54.368,13.129
54.371,13.131
54.372,13.134
54.374,13.142
54.375,13.151
54.375,13.157
54.373,13.201
54.37,13.217
54.369,13.223
54.372,13.236
54.379,13.261
54.38,13.265
54.383,13.267
54.411,13.239
54.428,13.208
54.434,13.165
54.465,13.229
54.486,13.232
54.513,13.167
54.546,13.147
54.552,13.231
54.551,13.256
54.55,13.304
54.566,13.338
54.58,13.367
54.558,13.378
54.542,13.395
54.522,13.42
54.489,13.447
54.484,13.484
54.493,13.503
54.513,13.517
54.55,13.503
54.551,13.459
54.57,13.426
54.578,13.384
54.61,13.375
54.604,13.355
54.583,13.33
54.573,13.311
54.565,13.286
54.564,13.282
54.558,13.251
54.558,13.246
54.559,13.245
54.634,13.225
54.64,13.225
54.643,13.226
54.648,13.231
54.657,13.245
54.667,13.263
54.671,13.279
54.673,13.292
54.679,13.364
54.681,13.384
54.683,13.424
54.682,13.43
54.68,13.438
54.676,13.443
54.673,13.444
54.671,13.442
54.66,13.429
54.657,13.422
54.652,13.397
54.649,13.391
54.645,13.386
NaN,NaN
54.613,8.3644
54.613,8.3536
54.614,8.3489
54.617,8.3422
54.624,8.3319
54.659,8.2981
54.663,8.295
54.667,8.2944
54.672,8.2967
54.687,8.3075
54.691,8.3119
54.708,8.3428
54.711,8.3497
54.712,8.3539
54.711,8.3581
54.628,8.4
54.614,8.3681
NaN,NaN
54.685,8.5678
54.684,8.5636
54.686,8.4883
54.687,8.4783
54.705,8.4025
54.708,8.3969
54.714,8.3969
54.729,8.4064
54.736,8.4133
54.742,8.4258
54.748,8.4447
54.752,8.4617
54.755,8.5386
54.754,8.5511
54.75,8.5697
54.747,8.5819
54.745,8.5847
54.743,8.5869
54.721,8.5947
54.718,8.595
54.689,8.5722
NaN,NaN
54.381,10.979
54.383,10.956
54.38,10.956
54.377,10.959
54.376,10.963
54.372,10.987
54.37,11.017
54.37,11.045
54.376,11.074
54.21,11.094
54.204,11.094
54.197,11.093
54.18,11.064
54.175,11.056
54.093,10.887
54.089,10.877
54.087,10.87
54.09,10.839
54.092,10.825
54.089,10.801
54.061,10.766
54.052,10.758
54.047,10.755
54.04,10.755
54.034,10.756
54.022,10.763
54.013,10.77
54.001,10.784
53.997,10.79
53.994,10.801
53.994,10.822
53.994,10.861
53.992,10.871
53.988,10.88
53.983,10.884
53.981,10.885
53.958,10.89
53.951,10.891
53.917,10.864
53.89,10.819
53.931,10.899
53.957,10.904
53.98,10.965
53.995,11.013
54.007,11.055
54.014,11.095
54.016,11.177
54.015,11.182
54.012,11.189
54.011,11.192
53.994,11.197
53.942,11.244
53.939,11.249
53.937,11.252
53.933,11.263
53.932,11.272
53.92,11.413
53.96,11.481
53.993,11.492
53.996,11.493
54.032,11.517
54.035,11.524
54.034,11.529
54.026,11.545
54.027,11.555
54.032,11.574
54.036,11.58
54.076,11.626
54.081,11.629
54.087,11.63
54.092,11.627
54.098,11.621
54.103,11.619
54.106,11.62
54.113,11.627
54.123,11.639
54.15,11.676
54.153,11.683
54.155,11.691
54.156,11.7
54.156,11.747
54.173,11.986
54.191,12.13
54.287,12.327
54.298,12.344
54.309,12.356
54.391,12.437
54.444,12.481
54.474,12.527
54.459,12.541
54.449,12.639
54.446,12.66
54.445,12.681
54.442,12.803
54.443,12.893
54.441,12.909
54.434,12.92
54.43,12.924
54.427,12.924
54.424,12.923
54.422,12.921
54.42,12.918
54.412,12.881
54.413,12.758
54.423,12.729
54.43,12.713
54.43,12.695
54.42,12.676
54.409,12.665
54.414,12.643
54.396,12.466
54.394,12.462
54.372,12.426
54.307,12.367
54.305,12.365
54.301,12.364
54.265,12.37
54.263,12.372
54.257,12.386
54.25,12.404
54.248,12.413
54.247,12.445
54.249,12.453
54.251,12.456
54.252,12.452
54.254,12.436
54.256,12.427
54.261,12.418
54.265,12.414
54.271,12.413
54.277,12.416
54.285,12.421
54.292,12.427
54.33,12.477
54.334,12.483
54.361,12.55
54.368,12.582
54.373,12.625
54.376,12.683
54.372,12.765
54.4,13.024
54.28,13.114
54.275,13.118
54.271,13.129
54.252,13.212
54.237,13.282
54.233,13.288
54.174,13.379
54.098,13.453
54.096,13.456
54.089,13.48
54.086,13.494
54.086,13.5
54.117,13.48
54.12,13.481
54.124,13.496
54.171,13.707
54.171,13.712
54.17,13.718
54.11,13.789
54.087,13.8
54.081,13.798
54.05,13.786
53.986,13.83
53.905,13.867
53.903,13.864
53.876,13.821
53.861,13.807
53.858,13.806
53.855,13.807
53.845,13.813
53.775,13.959
53.701,14.224
53.697,14.247
53.698,14.265
53.699,14.276
53.556,14.31
53.339,14.413
53.304,14.413
53.144,14.392
53.116,14.383
53.104,14.378
53.053,14.352
53.045,14.342
53.021,14.3
53.016,14.288
52.99,14.229
52.987,14.222
52.985,14.2
52.973,14.169
52.963,14.149
52.957,14.146
52.954,14.146
52.863,14.149
52.821,14.196
52.817,14.214
52.752,14.349
52.745,14.361
52.731,14.383
52.675,14.448
52.654,14.476
52.651,14.482
52.641,14.506
52.638,14.518
52.636,14.528
52.63,14.547
52.624,14.562
52.612,14.587
52.602,14.604
52.575,14.638
52.572,14.64
52.57,14.641
52.497,14.637
52.491,14.636
52.477,14.623
52.442,14.588
52.438,14.582
52.434,14.567
52.432,14.559
52.429,14.549
52.427,14.546
52.425,14.544
52.407,14.537
52.398,14.534
52.395,14.534
52.291,14.578
52.286,14.582
52.274,14.596
52.271,14.602
52.26,14.656
52.254,14.692
52.25,14.704
52.244,14.711
52.239,14.713
52.07,14.761
51.945,14.719
51.941,14.717
51.899,14.692
51.895,14.687
51.867,14.648
51.865,14.645
51.862,14.64
51.854,14.616
51.844,14.605
51.841,14.603
51.831,14.601
51.821,14.599
51.819,14.599
51.809,14.605
51.729,14.663
51.724,14.667
51.714,14.678
51.702,14.698
51.694,14.716
51.688,14.728
51.67,14.755
51.667,14.756
51.659,14.758
51.617,14.761
51.611,14.761
51.604,14.76
51.597,14.754
51.555,14.715
51.528,14.736
51.525,14.743
51.499,14.838
51.482,14.921
51.471,14.951
51.47,14.954
51.467,14.956
51.441,14.976
51.368,14.982
51.359,14.972
51.356,14.972
51.338,14.981
51.329,14.986
51.321,14.996
51.312,15.01
51.295,15.03
51.286,15.036
51.272,15.039
51.239,15.032
51.119,14.994
51.078,14.979
51.054,14.966
51.051,14.965
51.002,14.931
50.959,14.897
50.887,14.828
50.882,14.824
50.876,14.825
50.866,14.828
50.856,14.825
50.821,14.804
50.819,14.802
50.818,14.776
50.818,14.767
50.824,14.74
50.829,14.718
50.847,14.652
50.856,14.622
50.857,14.619
50.86,14.618
50.881,14.631
50.924,14.628
50.982,14.597
51.006,14.569
51.037,14.492
51.054,14.31
51.051,14.303
51.037,14.286
51.009,14.266
50.993,14.256
50.99,14.255
50.988,14.256
50.947,14.32
50.945,14.323
50.935,14.368
50.882,14.311
50.843,14.156
50.815,13.995
50.814,13.987
50.789,13.904
50.787,13.903
50.769,13.891
50.731,13.734
50.726,13.669
50.722,13.635
50.709,13.582
50.69,13.541
50.651,13.511
50.647,13.516
50.643,13.52
50.64,13.52
50.638,13.518
50.605,13.473
50.6,13.464
50.601,13.459
50.605,13.437
50.611,13.416
50.612,13.413
50.629,13.378
50.59,13.251
50.588,13.248
50.565,13.224
50.559,13.222
50.556,13.222
50.55,13.224
50.547,13.224
50.544,13.223
50.524,13.209
50.517,13.203
50.504,13.191
50.502,13.183
50.498,13.079
50.442,13.019
50.436,13.012
50.421,12.992
50.418,12.986
50.411,12.951
50.409,12.939
50.415,12.917
50.424,12.9
50.426,12.897
50.442,12.856
50.452,12.831
50.454,12.819
50.446,12.776
50.444,12.768
50.435,12.746
50.428,12.735
50.412,12.671
50.412,12.619
50.394,12.519
50.391,12.512
50.373,12.486
50.309,12.399
50.236,12.326
50.207,12.323
50.215,12.284
50.222,12.278
50.306,12.196
50.316,12.18
50.318,12.177
50.323,12.094
50.309,12.121
50.307,12.123
50.169,12.209
50.164,12.21
50.161,12.209
50.144,12.196
50.138,12.194
50.132,12.192
50.106,12.206
50.066,12.266
50.047,12.307
49.994,12.429
49.986,12.471
49.977,12.49
49.975,12.493
49.918,12.544
49.916,12.546
49.907,12.547
49.897,12.547
49.785,12.469
49.782,12.467
49.696,12.456
49.691,12.476
49.682,12.509
49.681,12.513
49.679,12.516
49.666,12.524
49.617,12.555
49.561,12.579
49.527,12.598
49.425,12.674
49.344,12.786
49.34,12.796
49.338,12.804
49.328,12.879
49.327,12.883
49.328,12.888
49.329,12.891
49.331,12.893
49.34,12.885
49.342,12.884
49.345,12.884
49.347,12.886
49.347,12.891
49.339,12.946
49.336,12.957
49.332,12.967
49.288,13.031
49.167,13.173
49.103,13.314
49.098,13.323
49.05,13.395
49.048,13.397
49.006,13.403
48.972,13.51
48.974,13.565
48.971,13.581
48.966,13.588
48.96,13.591
48.957,13.593
48.952,13.6
48.951,13.605
48.953,13.626
48.951,13.627
48.947,13.625
48.939,13.626
48.914,13.641
48.906,13.649
48.901,13.656
48.896,13.662
48.895,13.667
48.884,13.678
48.878,13.691
48.88,13.708
48.878,13.719
48.879,13.724
48.884,13.732
48.884,13.737
48.882,13.741
48.874,13.742
48.868,13.746
48.859,13.753
48.852,13.757
48.847,13.761
48.844,13.763
48.841,13.766
48.839,13.769
48.836,13.779
48.831,13.786
48.811,13.803
48.8,13.814
48.797,13.816
48.793,13.816
48.785,13.813
48.781,13.812
48.778,13.816
48.775,13.832
48.774,13.834
48.738,13.815
48.643,13.827
48.639,13.827
48.625,13.825
48.617,13.823
48.584,13.805
48.581,13.803
48.516,13.726
48.529,13.683
48.533,13.675
48.537,13.667
48.549,13.658
48.554,13.652
48.568,13.603
48.585,13.527
48.585,13.515
48.583,13.505
48.569,13.451
48.566,13.442
48.561,13.435
48.557,13.435
48.551,13.444
48.544,13.447
48.518,13.458
48.513,13.457
48.435,13.44
48.424,13.436
48.394,13.423
48.39,13.422
48.387,13.419
48.366,13.395
48.329,13.335
48.316,13.313
48.307,13.292
48.303,13.279
48.299,13.258
48.292,13.154
48.259,13.018
48.205,12.875
48.201,12.867
48.132,12.768
48.127,12.761
48.124,12.758
48.117,12.755
48.109,12.753
48.106,12.754
48.085,12.764
48.079,12.768
48.059,12.793
48.05,12.806
48.03,12.837
48.018,12.853
48.012,12.858
48,12.863
47.995,12.865
47.958,12.919
47.907,12.967
47.854,13.009
47.813,12.973
47.808,12.968
47.793,12.949
47.785,12.94
47.733,12.912
47.729,12.911
47.724,12.911
47.721,12.912
47.716,12.918
47.715,12.924
47.712,12.985
47.712,12.991
47.714,12.996
47.718,13.003
47.724,13.014
47.725,13.019
47.725,13.024
47.722,13.034
47.706,13.058
47.69,13.075
47.684,13.08
47.645,13.1
47.641,13.1
47.5,13.055
47.496,13.053
47.494,13.05
47.47,13.017
47.469,13.012
47.469,13.005
47.476,12.963
47.478,12.953
47.552,12.81
47.557,12.804
47.579,12.789
47.586,12.786
47.589,12.788
47.613,12.8
47.616,12.809
47.617,12.814
47.616,12.828
47.619,12.831
47.622,12.829
47.627,12.824
47.681,12.745
47.684,12.736
47.684,12.723
47.685,12.666
47.674,12.607
47.673,12.603
47.667,12.597
47.644,12.576
47.642,12.567
47.632,12.518
47.633,12.513
47.635,12.509
47.668,12.455
47.657,12.201
47.64,12.207
47.627,12.208
47.619,12.206
47.615,12.205
47.61,12.199
47.608,12.196
47.611,12.141
47.615,12.111
47.621,12.06
47.624,12.006
47.614,11.92
47.585,11.683
47.527,11.584
47.522,11.578
47.52,11.574
47.516,11.554
47.509,11.505
47.512,11.457
47.429,11.296
47.397,11.112
47.396,11.096
47.395,11.029
47.396,11.008
47.398,10.984
47.399,10.978
47.401,10.974
47.403,10.971
47.518,10.909
47.554,10.691
47.54,10.569
47.583,10.484
47.587,10.484
47.591,10.483
47.592,10.478
47.591,10.473
47.584,10.444
47.581,10.434
47.58,10.43
47.577,10.427
47.529,10.436
47.491,10.458
47.484,10.467
47.481,10.469
47.476,10.47
47.44,10.474
47.436,10.473
47.396,10.43
47.315,10.34
47.312,10.337
47.308,10.329
47.289,10.274
47.277,10.233
47.276,10.228
47.275,10.222
47.275,10.173
47.322,10.212
47.37,10.231
47.374,10.233
47.381,10.231
47.495,10.043
47.54,9.955
47.594,9.8136
47.595,9.8083
47.594,9.7825
47.591,9.7736
47.585,9.7631
47.571,9.7494
47.561,9.7431
47.547,9.7364
47.535,9.7292
47.53,9.6925
47.53,9.6071
47.537,9.5779
47.54,9.5667
47.576,9.4783
47.663,9.2611
47.685,9.0869
47.686,9.0783
47.689,9.0425
47.688,9.0242
47.682,9.005
47.679,8.9967
47.673,8.9856
47.667,8.9733
47.657,8.9478
47.653,8.9342
47.651,8.9178
47.65,8.905
47.651,8.8928
47.654,8.8833
47.699,8.8558
47.718,8.8353
47.736,8.8089
47.737,8.8042
47.735,8.8
47.723,8.7778
47.717,8.7722
47.713,8.7728
47.71,8.7747
47.682,8.8001
47.692,8.7614
47.695,8.7453
47.697,8.7202
47.704,8.7292
47.706,8.7307
47.71,8.7342
47.714,8.735
47.754,8.7369
47.758,8.7369
47.761,8.735
47.787,8.6856
47.798,8.6614
47.804,8.6147
47.804,8.6086
47.807,8.5661
47.806,8.5597
47.772,8.4794
47.77,8.4761
47.767,8.4733
47.704,8.4067
47.7,8.4072
47.678,8.4133
47.669,8.4247
47.647,8.4756
47.647,8.4953
47.65,8.5183
47.654,8.5258
47.657,8.5281
47.664,8.5369
47.667,8.5458
47.668,8.5514
47.669,8.5806
47.668,8.6103
47.661,8.6208
47.656,8.6269
47.653,8.6294
47.65,8.6308
47.646,8.6292
47.602,8.5947
47.599,8.5914
47.591,8.5764
47.599,8.5694
47.614,8.5656
47.621,8.5622
47.623,8.5583
47.633,8.5314
47.634,8.52
47.631,8.5111
47.612,8.4775
47.602,8.465
47.574,8.4358
47.58,8.3908
47.606,8.2925
47.612,8.2881
47.613,8.2833
47.619,8.2408
47.622,8.2056
47.622,8.1989
47.621,8.1933
47.617,8.1853
47.581,8.1108
47.578,8.1081
47.572,8.1039
47.568,8.1025
47.566,8.0997
47.562,8.0922
47.561,8.0867
47.556,8.0333
47.552,7.9319
47.553,7.9189
47.554,7.9136
47.558,7.9064
47.553,7.7697
47.543,7.6972
47.551,7.6561
47.561,7.6211
47.574,7.6667
47.576,7.67
47.579,7.6719
47.604,7.6769
47.606,7.6744
47.604,7.6406
47.584,7.5883
47.593,7.5897
47.602,7.5897
47.608,7.5858
47.637,7.5672
47.642,7.5611
47.655,7.5403
47.661,7.5289
47.666,7.5219
47.668,7.5194
47.687,7.5133
47.703,7.5108
47.788,7.5267
47.863,7.5572
47.903,7.5842
47.969,7.6222
47.977,7.6242
47.986,7.6244
47.994,7.6225
48,7.6185
48.006,7.6136
48.027,7.5839
48.034,7.5744
48.037,7.5717
48.045,7.5692
48.06,7.5667
48.085,7.5689
48.089,7.5697
48.113,7.5769
48.12,7.5789
48.123,7.5808
48.164,7.6077
48.276,7.6933
48.331,7.7461
48.337,7.7508
48.345,7.7518
48.371,7.7431
48.389,7.7367
48.399,7.7367
48.425,7.7454
48.576,7.8022
48.664,7.88
48.724,7.9619
48.804,8.0922
48.817,8.1039
48.822,8.1064
48.841,8.1103
48.846,8.1125
48.865,8.1217
48.891,8.1358
48.896,8.1392
48.952,8.1906
48.959,8.2061
48.964,8.2261
48.976,8.1556
49.005,8.0519
49.011,8.0397
49.049,7.9386
49.049,7.9333
49.046,7.8214
49.043,7.7375
49.042,7.6689
49.045,7.6521
49.065,7.6303
49.069,7.6258
49.164,7.4869
49.176,7.4325
49.177,7.4236
49.177,7.4136
49.173,7.3836
49.172,7.3753
49.171,7.3719
49.169,7.369
49.161,7.3672
49.144,7.3617
49.142,7.36
49.112,7.2917
49.111,7.2878
49.121,7.1517
49.127,7.0906
49.187,7.0194
49.22,6.9342
49.221,6.9306
49.221,6.9206
49.218,6.8539
49.215,6.8475
49.211,6.8431
49.209,6.8414
49.206,6.8403
49.203,6.8411
49.191,6.8497
49.184,6.855
49.18,6.8597
49.178,6.8611
49.175,6.8611
49.172,6.8594
49.158,6.8442
49.155,6.8389
49.153,6.8314
49.154,6.8219
49.165,6.735
49.166,6.7308
49.167,6.7275
49.172,6.7236
49.183,6.715
49.186,6.7142
49.189,6.7147
49.191,6.7164
49.245,6.6869
49.363,6.5947
49.419,6.5461
49.426,6.5406
49.431,6.5322
49.443,6.5083
49.461,6.4683
49.476,6.4161
49.476,6.4114
49.459,6.3622
49.489,6.3628
49.526,6.3565
49.666,6.4208
49.691,6.4661
49.694,6.4731
49.696,6.4847
49.707,6.5058
49.806,6.5247
49.809,6.5244
49.811,6.5222
49.811,6.4819
49.809,6.4297
49.818,6.3956
49.848,6.3211
49.855,6.3159
49.881,6.2553
49.884,6.2503
49.897,6.2342
49.95,6.1753
49.952,6.1731
49.994,6.1406
50.014,6.1306
50.056,6.1133
50.059,6.1128
50.091,6.1183
50.116,6.1281
50.122,6.1303
50.128,6.1344
50.154,6.1397
50.221,6.1639
50.224,6.1656
50.232,6.1733
50.284,6.2808
50.313,6.3497
50.323,6.3982
50.441,6.3744
50.443,6.3736
50.448,6.3711
50.484,6.3444
50.49,6.3339
50.496,6.3175
50.498,6.3094
50.498,6.2647
50.589,6.2478
50.616,6.2706
50.619,6.2717
50.621,6.2708
50.624,6.2686
50.656,6.1672
50.724,6.0547
50.757,6.0118
50.802,6.0081
50.839,6.0133
50.842,6.0139
50.848,6.0261
50.852,6.0461
50.852,6.0517
50.848,6.0564
50.847,6.0608
50.848,6.0647
50.85,6.0678
50.854,6.0717
50.871,6.0842
50.874,6.0847
50.914,6.0814
50.916,6.0803
50.977,6.0283
50.978,6.0256
50.98,6.0175
50.985,5.9489
50.985,5.9447
50.982,5.9325
50.974,5.9081
50.972,5.9003
50.973,5.8917
51.019,5.8694
51.044,5.8642
51.046,5.8647
51.048,5.8669
51.063,5.9025
51.064,5.9069
51.062,5.9103
51.084,6.0031
51.131,6.0975
51.169,6.0903
51.172,6.0836
51.176,6.0794
51.181,6.0767
51.19,6.0747
51.212,6.0714
51.215,6.0717
51.218,6.0722
51.24,6.0764
51.242,6.0789
51.295,6.1431
51.362,6.2222
51.365,6.2228
51.466,6.2222
51.469,6.2219
51.51,6.2075
51.517,6.2022
51.558,6.1586
51.569,6.1367
51.572,6.1314
51.604,6.0942
51.607,6.0931
51.707,6.0289
51.748,5.9521
51.76,5.9808
51.764,5.9858
51.767,5.9867
51.781,5.9847
51.785,5.9814
51.806,5.9647
51.808,5.9625
51.83,6.0031
51.888,6.1236
51.895,6.1822
51.848,6.3511
51.854,6.4628
51.874,6.5275
51.896,6.5947
51.914,6.6761
51.914,6.6856
51.911,6.6917
51.909,6.6936
51.904,6.7019
51.898,6.7206
51.898,6.7244
51.906,6.7464
51.921,6.7769
51.928,6.7892
51.966,6.8289
51.971,6.8308
51.977,6.83
51.989,6.8261
52.007,6.8006
52.01,6.7944
52.035,6.7286
52.077,6.7364
52.115,6.7594
52.118,6.8425
52.118,6.8525
52.12,6.8606
52.126,6.8686
52.13,6.8719
52.139,6.8747
52.149,6.8761
52.151,6.8775
52.171,6.9011
52.173,6.9042
52.19,6.9647
52.232,7.0422
52.238,7.0531
52.269,7.0314
52.277,7.0281
52.28,7.0281
52.287,7.0289
52.299,7.0322
52.313,7.0381
52.338,7.0581
52.353,7.0697
52.359,7.0711
52.386,7.0656
52.394,7.0619
52.399,7.0589
52.46,6.9908
52.461,6.9875
52.46,6.9839
52.449,6.9739
52.443,6.9658
52.436,6.9542
52.435,6.9508
52.434,6.9461
52.459,6.7644
52.463,6.7533
52.486,6.7056
52.491,6.7025
52.549,6.6889
52.552,6.6903
52.559,6.7225
52.563,6.7561
52.565,6.7594
52.567,6.7608
52.616,6.7294
52.621,6.7261
52.627,6.7189
52.629,6.7208
52.649,6.7567
52.652,6.7681
52.654,6.7817
52.653,6.8947
52.652,6.9022
52.651,6.9056
52.645,6.9131
52.641,6.9169
52.639,6.9203
52.633,7.025
52.633,7.0308
52.633,7.0358
52.635,7.0433
52.639,7.0481
52.644,7.0517
52.652,7.0553
52.664,7.0589
52.721,7.0636
52.752,7.0653
52.769,7.0647
52.786,7.0656
52.799,7.0669
52.815,7.0697
52.824,7.0769
52.837,7.0911
52.889,7.1331
52.934,7.1797
52.957,7.1933
52.965,7.1978
52.971,7.2003
53.002,7.2103
53.016,7.2117
53.176,7.2072
53.243,7.2084
53.311,7.245
53.315,7.25
53.318,7.2564
53.319,7.2719
53.317,7.32
53.316,7.3297
53.314,7.3369
53.31,7.3425
53.306,7.3464
53.302,7.3519
53.301,7.3553
53.299,7.3644
53.309,7.3586
53.317,7.3511
53.322,7.3417
53.324,7.3325
53.336,7.2269
53.341,7.1839
53.34,7.1264
53.338,7.0925
53.336,7.0733
53.337,7.0581
53.34,7.0506
53.342,7.0478
53.346,7.0433
53.365,7.0242
53.372,7.0194
53.381,7.0164
53.384,7.0158
53.405,7.0144
53.415,7.0156
53.442,7.0219
53.479,7.0314
53.485,7.0333
53.583,7.0881
53.592,7.0961
53.595,7.1019
53.642,7.1847
53.665,7.2269
53.669,7.2372
53.685,7.2958
53.689,7.3411
53.687,7.4506
53.687,7.4675
53.686,7.4725
53.683,7.4844
53.672,7.5083
53.672,7.5186
53.681,7.5817
53.7,7.6983
53.714,7.8433
53.717,7.8825
53.719,7.9075
53.717,7.9492
53.715,7.9817
53.71,8.0083
53.707,8.0203
53.704,8.0264
53.701,8.0286
53.699,8.0297
53.692,8.0239
53.689,8.0225
53.686,8.0217
53.676,8.0222
53.671,8.0247
53.636,8.0461
53.626,8.0581
53.585,8.1239
53.565,8.1572
53.562,8.1594
53.558,8.1625
53.55,8.1658
53.543,8.1667
53.527,8.1683
53.524,8.1681
53.521,8.1633
53.511,8.1353
53.508,8.1236
53.504,8.1031
53.502,8.0844
53.503,8.0633
53.501,8.0614
53.497,8.0617
53.48,8.0661
53.472,8.0697
53.462,8.0758
53.458,8.0803
53.444,8.0978
53.404,8.2047
53.403,8.2086
53.401,8.2231
53.401,8.2344
53.401,8.2442
53.402,8.2483
53.417,8.2811
53.422,8.2892
53.427,8.2928
53.451,8.3097
53.456,8.3131
53.466,8.315
53.499,8.3197
53.509,8.3206
53.515,8.3197
53.522,8.3147
53.526,8.3086
53.526,8.3033
53.525,8.2933
53.521,8.2728
53.52,8.2636
53.519,8.2375
53.519,8.2331
53.522,8.2319
53.532,8.2322
53.558,8.2369
53.586,8.2431
53.603,8.2611
53.61,8.2728
53.614,8.2833
53.617,8.3061
53.617,8.3231
53.614,8.3414
53.555,8.4944
53.514,8.5183
53.506,8.5083
53.501,8.5039
53.492,8.4964
53.484,8.4911
53.479,8.4883
53.47,8.4853
53.454,8.4828
53.418,8.4842
53.406,8.4853
53.382,8.4886
53.373,8.4908
53.36,8.4978
53.354,8.5031
53.362,8.5067
53.372,8.5081
53.425,8.5058
53.434,8.505
53.451,8.4986
53.462,8.4961
53.472,8.4981
53.481,8.5017
53.488,8.5064
53.492,8.5114
53.515,8.5609
53.521,8.5656
53.527,8.5683
53.533,8.5683
53.536,8.5675
53.551,8.5578
53.617,8.5117
53.642,8.4947
53.652,8.4883
53.66,8.4856
53.672,8.4831
53.681,8.4822
53.69,8.4833
53.702,8.4878
53.818,8.5481
53.851,8.5744
53.859,8.5803
53.877,8.6011
53.879,8.6042
53.882,8.6119
53.891,8.6525
53.894,8.6656
53.895,8.6806
53.893,8.6839
53.876,8.7064
53.872,8.7114
53.866,8.7131
53.864,8.7147
53.858,8.7281
53.847,8.7564
53.841,8.7756
53.836,8.7972
53.83,8.8531
53.828,8.9075
53.847,9.0206
53.863,9.1053
53.866,9.1289
53.865,9.2131
53.865,9.2189
53.859,9.2761
53.858,9.28
53.856,9.2833
53.849,9.2942
53.83,9.3203
53.826,9.3244
53.798,9.3514
53.761,9.3794
53.731,9.4089
53.724,9.4158
53.611,9.5478
53.598,9.5622
53.591,9.5731
53.586,9.5828
53.556,9.6728
53.55,9.6958
53.544,9.7647
53.535,9.8022
53.533,9.8114
53.532,9.8217
53.533,9.8264
53.534,9.83
53.536,9.8325
53.539,9.8339
53.542,9.8339
53.547,9.8303
53.55,9.8247
53.552,9.8208
53.561,9.7839
53.563,9.7742
53.565,9.7411
53.566,9.7242
53.568,9.6994
53.572,9.6819
53.579,9.6636
53.614,9.5753
53.622,9.5611
53.634,9.5467
53.739,9.4378
53.749,9.4306
53.771,9.4172
53.792,9.4078
53.821,9.3944
53.824,9.3931
53.853,9.3378
53.857,9.3278
53.874,9.2864
53.877,9.2783
53.886,9.2344
53.889,9.2208
53.891,9.2053
53.898,9.0631
53.891,8.9931
53.89,8.9833
53.895,8.9672
53.907,8.9475
53.92,8.9275
53.929,8.9139
53.941,8.8997
53.961,8.8831
54.009,8.85
54.028,8.8372
54.031,8.8361
54.035,8.8406
54.039,8.8467
54.041,8.8542
54.044,8.8661
54.045,8.8808
54.044,8.8906
54.037,8.9267
54.031,8.9456
54.022,8.9606
54.018,8.9711
54.019,8.9789
54.026,9.0006
54.028,9.0031
54.044,9.0111
54.05,9.0128
54.085,9.0172
54.132,8.9711
54.124,8.8586
54.131,8.8475
54.133,8.8447
54.148,8.8297
54.155,8.825
54.175,8.8128
54.19,8.8164
54.207,8.8233
54.251,8.8414
54.253,8.8428
54.255,8.8453
54.258,8.8531
54.294,8.8836
54.293,8.83
54.27,8.6956
54.268,8.6942
54.266,8.6911
54.266,8.68
54.267,8.6694
54.269,8.6556
54.273,8.6436
54.279,8.6317
54.301,8.6119
54.309,8.6072
54.316,8.6031
54.325,8.6003
54.331,8.5992
54.334,8.5994
54.379,8.6219
54.393,8.6339
54.397,8.6389
54.399,8.6461
54.4,8.6508
54.411,8.7686
54.416,8.8233
54.415,8.8281
54.413,8.8314
54.407,8.8378
54.405,8.8406
54.404,8.8458
54.406,8.8556
54.414,8.8869
54.452,8.9947
54.46,9.005
54.472,9.015
54.475,9.0164
54.493,9.0194
54.498,9.0169
54.509,9.0056
54.541,8.9678
54.544,8.9603
54.546,8.9469
54.549,8.9403
54.559,8.9217
54.563,8.9161
54.621,8.8508
54.668,8.8142
54.686,8.805
54.712,8.7544
54.721,8.7344
54.747,8.6969
54.801,8.6556
54.81,8.6486
54.815,8.6456
54.826,8.6422
54.838,8.6406
54.85,8.5734
54.861,8.5773
54.868,8.5806
54.871,8.5456
54.867,8.3901
54.86,8.3025
54.857,8.3006
54.848,8.2981
54.825,8.2944
54.789,8.2922
54.784,8.2936
54.774,8.3
54.767,8.3006
54.74,8.2986
54.739,8.2983
54.737,8.2883
54.744,8.2822
54.747,8.2811
54.753,8.2806
54.775,8.2806
54.818,8.2814
54.835,8.2828
54.895,8.2911
54.906,8.2956
54.926,8.3036
54.94,8.3108
55.033,8.3733
55.045,8.3831
55.053,8.3933
55.057,8.405
55.056,8.4111
55.053,8.4472
55.05,8.4594
55.048,8.4631
55.024,8.4383
55.013,8.4217
55.009,8.4103
55.008,8.4011
55.007,8.3975
54.994,8.3719
54.973,8.3539
54.967,8.3522
54.951,8.3528
54.927,8.4166
54.918,8.4185
54.914,8.4213
54.91,8.4265
54.909,8.4306
54.901,8.4568
54.899,8.4656
54.901,8.4905
54.906,8.5983
54.914,8.6025
54.918,8.6028
54.913,8.6645
54.899,8.6861
54.893,8.6994
54.891,8.7194
54.897,8.7547
54.899,8.7631
54.906,8.7858
54.914,8.8289
54.914,8.8413
54.908,8.92
54.906,8.9411
54.865,9.1689
54.854,9.2242
54.846,9.2336
54.834,9.2281
54.824,9.2336
54.816,9.2431
54.809,9.2536
54.809,9.3428
54.812,9.3589
54.821,9.3686
54.823,9.3689
54.83,9.3786
54.835,9.3925
54.833,9.4147
54.825,9.4454
54.82,9.4419
54.808,9.4375
54.802,9.4392
54.826,9.5783
54.812,9.6606
54.786,9.7856
54.789,9.8897
54.792,9.8964
54.793,9.9058
54.791,9.9167
54.782,9.9358
54.769,9.9619
54.761,9.9728
54.757,9.9767
54.671,10.037
54.665,10.038
54.633,10.04
54.555,10.032
54.529,10.011
54.525,10.006
54.521,10
54.507,9.9706
54.482,9.8931
54.477,9.8711
54.479,9.85
54.479,9.8453
54.476,9.8433
54.473,9.8436
54.464,9.8519
54.457,9.8636
54.454,9.8703
54.453,9.8783
54.454,9.8933
54.474,10.007
54.489,10.101
54.49,10.111
54.49,10.127
54.436,10.368
54.361,10.61
54.35,10.633
54.347,10.639
54.342,10.643
54.337,10.646
54.331,10.652
54.312,10.679
54.309,10.686
54.308,10.691
54.307,10.707
54.307,10.765
54.308,10.78
54.31,10.788
54.315,10.802
54.324,10.821
54.327,10.827
54.332,10.836
54.339,10.843
54.362,10.885
54.384,10.937
54.385,10.946
54.385,10.952
