MF,NF,FAR,PCAVAR,PCAKNN,DSVAR,DSKNN,MPVAR,MPKNN,DSRF
199.981880084747,382.510502414714,197.365791785724,219.05791725201,255.04308888278,218.440866008568,251.191747640731,215.508133513603,232.987706555364,214.131835115636
124.256664976712,234.719040499803,123.485764522111,139.473386573562,183.044396050455,139.213431510116,192.306974275155,137.62300184107,152.29269106019,122.498108265403
143.411784888661,281.717846703989,142.424104472613,142.122472548935,187.105978675629,145.442993777169,190.93453024801,145.193657080119,158.804452264083,159.596369579114
133.866038947572,266.408716696952,132.395017718792,165.275055398802,186.9807476699,161.896647146131,184.225322638368,156.365227921373,164.76064889193,143.759891565466
163.594212163892,354.618049220125,163.27061601024,181.288014181585,213.334064567677,179.036187359484,211.537483152266,181.155937972153,205.769539116608,172.650169999109
157.6491955162,313.505318967027,156.031155208186,167.853139315007,212.953122510103,165.707270531779,219.458393496839,165.500307059936,196.082334867353,170.075400163518
170.514866485591,329.940935854232,169.496894564416,174.326828885199,216.747740345482,174.083770157147,202.312594018437,177.929170937082,175.103507254784,178.310457297897
131.401852445715,251.140240401994,129.971588703678,137.350939179341,160.586174855282,136.305073308695,173.657915971893,138.383260038811,149.158483510763,144.54345338872
145.507565920636,304.43843689266,144.789730274179,169.144725090351,203.116462783073,165.99200850009,214.035572326277,176.370348063634,160.784598886609,151.15214932006
152.17326107432,301.026554414888,150.315169904293,157.478565514983,203.195230263266,151.482638080537,203.299126039196,156.09678555773,184.60193640745,164.384288849836
168.750251835501,329.949237563139,167.318988369149,162.629696478635,197.817529362471,167.757590831093,204.28461748441,167.320052926184,177.601284222751,177.806369839666
162.615096366643,324.512697707059,160.966737780273,194.238267726398,227.307288479557,186.597090160245,225.735287422822,187.512292873696,206.759873178543,171.852067419781
159.470010256634,319.968123911637,158.435657667592,161.517431139925,200.966977154281,161.556704899181,203.770319060053,163.757390084572,181.400271562409,171.445507110909
227.232333657432,469.827014587976,226.811360636382,261.66122424166,326.549195813917,259.698999130482,333.343342803355,248.573883027493,344.05862148823,227.922747886834
168.318556811396,351.415899454553,168.165644977162,183.687796026242,214.812815136642,177.901095846279,204.739225496183,184.399807317292,207.161397771073,175.103429764259
153.4075452666,323.340565014483,152.861667885642,173.246587718821,211.293152983348,179.982360202634,222.458223024549,170.491157711503,199.54732093794,167.653238365047
172.063441938456,343.377749157356,170.685489257115,176.347090033982,218.981248816116,178.867875361741,227.766604115549,179.59526832301,204.342727110237,182.757989052555
305.63418449345,591.498008949649,306.82764092565,362.037167030822,379.852902982784,354.328547784648,386.573624257369,386.719717095152,381.63196463709,314.311833705724
128.779351537947,269.207236655982,128.133121505311,151.720715143382,192.73749773572,153.993444583257,198.529148697586,151.417184181391,149.698731236399,128.266611003584
249.470854194401,462.752967399649,249.252236908576,294.80450068551,306.281359542985,302.250297235766,324.129173160034,309.337552527438,309.528701138567,264.531015149566
196.680408516623,386.087135454853,195.791440013994,214.888037877992,250.47423608181,212.86503114116,256.643876103997,211.328105548422,211.621592040807,198.456051827571
163.032735365529,319.58058632955,162.452753004127,168.203693452671,210.788978321211,169.227498453872,204.513712523383,167.270614385753,180.831911555149,174.111255258125
150.393974013573,328.553392226502,150.091008173779,181.525815247632,216.463789680598,179.19535367099,211.227048299924,176.619307168389,174.029279568973,159.962078235269
149.077097861405,303.710959131364,148.533725201616,151.939026305314,188.852231730941,151.796495635963,176.574863288139,157.812389617543,158.910499216191,159.019021344247
134.900338501653,271.618044493249,133.597692289931,151.540389264453,169.742225314232,150.440116894126,169.233949188575,147.403923200295,158.159579470654,145.479192620392
118.581567074246,231.914553390701,117.839002582825,139.920976150217,164.023417403555,138.669011440281,169.350221432246,143.317166753801,128.956767142211,119.077156168699
161.963515872662,304.608218368599,161.020334959966,167.249315178764,203.059058406805,166.462188706459,196.326276706712,175.219826838761,170.801052471063,168.372215103556
134.135094114903,268.312863843509,134.118728024036,150.456272335142,171.343362973117,151.856562511145,173.13425394916,145.553747428294,158.425639838032,146.464963380709
99.6462328467428,206.328072430743,98.9747091782794,98.3560407975522,126.41981410561,105.07717314405,132.973895881716,99.3512582016264,106.854284207959,106.946731683708
144.768162784167,314.738414413717,144.848576321926,162.481347567987,194.37145640709,163.40923822549,194.732262150248,165.598284416677,187.972074774126,158.245249629393
181.830464080209,348.569215583163,179.634034738206,193.400429963826,231.691341269068,195.420154123099,233.646818768073,190.005305284418,218.286437349644,192.509743139145
255.102384873548,504.50823152469,253.562486113387,275.78569461481,323.257594892002,268.150962029646,316.87587418747,274.687544515591,284.143323999655,266.616200899751
85.7016321084635,174.428476190199,85.1887745347915,94.5865093952068,131.510962402626,96.6060280375746,135.624107869405,92.4456448812542,108.538831688144,95.8460694833733
135.929409946783,249.777823214372,135.089495801931,133.700324746874,165.206671383337,136.591729676105,159.778412670515,139.913940421181,141.22031271635,147.559848889927
100.614824674543,193.939272095513,100.337713905193,106.704231078889,120.158798310559,110.812325817512,119.185199940928,107.363038509042,104.906166390764,113.063284744455
162.112316813774,341.061662331518,162.095357885817,180.497937165604,219.62928581011,179.812645543963,214.961080802702,184.100145143573,205.274264317403,175.174888335416
155.202601851428,295.694248929346,154.426848220066,156.170467329677,194.364107475768,157.165215009178,189.965835246976,154.582391114028,166.14867300188,161.721166610099
147.784005210474,311.085890835678,147.544764904682,179.23773239021,212.66551341228,179.90058407811,215.685155572993,177.520269924794,168.650527207399,152.452363045353
151.214834729685,301.015163800543,148.846921733579,167.615338038889,203.57943461803,160.126025272283,198.869570694499,161.239233624668,181.421645108211,164.768807905438
170.931058867563,343.832088158216,169.29161750143,173.929743608408,209.169393892629,172.596749395815,211.848203101817,176.473029542416,195.20837771996,178.338501215162
164.039499366754,336.518083891079,162.976787887414,160.813220386619,193.05234032563,162.635372606806,191.793751108612,164.294450380623,178.47986288815,175.010101075608
192.232278082314,371.399684738507,191.04133066472,216.478819068857,239.808777842831,214.486069606485,250.245580356806,214.933038969496,215.871985102468,201.491676954557
186.772500950029,339.627827256942,185.948958888471,198.352800633022,234.657065110254,201.208576816321,253.530940559283,194.920178239912,207.332548372184,190.149592124205
147.474388765773,337.610971332353,147.903839448082,169.738911332332,209.760262551499,167.735504009998,207.107080500187,162.436002584211,192.836778264876,163.938976738521
139.031170870042,300.34928789245,137.963290600773,131.460595047717,174.901811060085,134.658064561525,177.656535489134,136.241359980597,156.828658403083,145.749690870763
148.583762762872,301.105283385894,147.602726832205,158.551908849824,196.496966238354,159.868569175297,204.726651324888,158.77172026601,167.523883912345,157.027908787993
168.704046015399,319.130575930101,167.727305629122,163.044464334302,203.9574803442,162.417893673209,195.806798851498,167.866455279638,171.081955672103,174.595978234809
78.1192477806041,138.536651922591,77.5648530139702,77.7988335528669,101.497503436137,87.3352014688195,117.741361133629,78.7756105160729,90.0975469160528,82.7336191548351
226.562108134609,434.815884837116,226.370803046911,263.060021155523,312.988959812254,261.725605720698,329.75154342398,256.214399037557,292.130927333868,226.103796434457
141.455747639647,302.195381072722,141.440203604162,163.672259313833,192.668715885657,163.793713626933,193.233378871825,163.537897218427,184.041254450295,151.789339856796
208.720388047963,387.347009717172,208.82612291445,242.423661435923,277.119596889506,239.6197741959,282.14389954359,250.632686862388,258.839951313412,213.427891457384
159.946187008857,308.11678294886,159.500425318934,167.416957217155,212.374404264222,168.040956066043,200.715020977208,170.421876383825,178.277681341184,177.393686310849
176.415120801226,347.747916402569,174.12325648146,191.914239307842,217.594583904403,194.799980517396,213.281848443243,186.595899513044,196.985115778279,194.014039180344
339.439971681485,680.015776029122,340.750635345915,392.561262879636,424.555459789103,390.242671092662,432.644274003421,430.516303736908,450.142912967832,346.804080617364
160.397948180194,287.343710838595,159.243921505727,165.382998782378,205.84320704213,163.229832550149,202.604514436476,174.756707488377,169.085563611394,169.245479535369
116.594262979894,222.217800895813,116.15856156188,121.950493492435,137.830241740862,126.022276717329,137.558414522007,123.869385359917,119.316329261808,128.994237814981
247.622797286106,465.080100503941,247.359241382099,300.41978969773,349.145625544658,301.918296370565,386.640269480689,286.11521424535,362.415248474746,250.651596514818
157.387770355085,340.732729129557,157.136135612183,179.009842720714,215.514442939776,182.017827636917,215.931787847471,180.849860064171,191.865704128203,169.050868628956
188.831128008411,346.820240874676,188.864195267381,201.254417316057,254.68552148958,203.694631789039,254.265688722885,200.062338820343,217.298081637611,193.394621312739
102.446503330425,204.099544422612,102.112415922167,110.578832075196,128.320714008218,115.165311941664,133.293487537513,114.868065498588,109.617210136453,115.571648557401
153.206594075809,326.172010378065,152.652814537607,175.492984213669,215.678206971498,178.104662192506,221.00627012459,171.816229583209,196.920475972849,165.120688343767
152.91560378665,294.984259187856,151.668078466188,146.546635423295,184.160594513942,146.703654514344,183.011971232919,149.126739268894,164.724106386859,160.127965697474
157.809493809449,305.43604683748,156.578371766946,154.089298962017,189.880648857619,155.898991162872,191.096379910088,157.412422578678,165.252175754985,169.515668465793
183.192812449346,390.539107890086,180.889789487746,197.518949890518,240.280936389485,197.239646243874,237.622433268445,191.975955740959,215.499475492866,200.319410138777
130.379780826031,242.845472322625,129.697742504183,137.437592793246,176.192417262382,138.995745673349,171.632464651757,140.866116517589,140.771162190202,137.782734381105
176.677787564869,335.221530507589,175.764255654539,178.071766471427,203.302649182224,176.688298560606,188.654831565248,188.513962224208,184.874076873295,182.291648922772
144.24713476465,273.065263936711,143.366725617007,155.810799256103,202.223994307461,154.394437334278,213.201857176081,160.738669903292,168.580254350774,138.883911115655
240.806279257266,429.529907030901,240.590777852328,279.891456384848,313.089896228113,269.507174623933,315.278973070896,285.964574275698,281.946927404543,246.790862471683
175.850320169244,328.573096465482,173.5728546654,199.538165006467,223.267809633882,199.51887148366,217.269702451608,191.76205390535,199.457899668007,191.491967584259
150.124378597902,315.610458963192,149.668870659836,169.912802654611,206.629247151797,171.082239043036,214.501721972915,168.089995817108,184.208945041762,159.222323206098
161.841911973573,354.333064397878,161.931358387235,192.625343784857,234.839642435722,194.187467646232,234.951370116704,189.492871744816,211.370743819388,173.7608472922
149.936214448898,275.813030184623,148.672441348411,150.8048201312,182.242965927722,151.309897653808,188.583912857856,152.95450610988,155.897520656295,160.56233978684
144.046484631192,298.69649683776,142.720150045349,145.369976457983,178.465897194538,146.085993703431,193.412364029312,149.994089447045,164.68219639873,157.852888527823
132.200784670214,264.663421351689,131.41143731333,127.914312250671,169.289223271253,128.900431227747,166.178918652254,132.678605428152,138.164096909452,137.782316409128
144.475834393023,315.49180564647,144.143169520371,159.484918387255,193.861989975945,159.186220463697,197.525737144916,159.308324361989,176.297664754227,155.520615697151
177.841008490823,359.939727331599,177.420833416169,215.244334087189,243.754219657095,212.126638510806,241.027498521106,206.87536827233,221.627698896892,181.203739144812
172.816197609415,351.917117030346,172.468011586145,192.946207532873,234.461963267402,191.595071336183,241.264815502161,192.320838022274,219.549392624911,188.669853165069
147.456578097597,305.339081771126,147.799552785553,171.53459877955,205.880503432972,170.38971379474,198.553791942567,172.600795925032,187.840414311834,158.975281664057
111.735545064335,200.769291185655,110.961608966442,117.021063227172,149.255330773456,117.745848559077,145.066862787761,123.272833692103,118.661170084686,119.280611703889
174.996149353428,369.252860071422,174.765534641651,203.380611018532,239.200630921464,209.963918041137,232.493662989308,203.845723962546,205.142938563998,188.14801035075
161.509981026601,309.450585722223,160.261489358373,170.091854092942,212.853422030058,165.059051541901,211.04076906863,168.444646208576,195.129185040118,173.630573482413
153.943500112108,327.620907656623,153.419845866136,174.660244838171,211.682202602289,177.170447350424,212.975785378298,173.214319230961,184.054788858034,168.742363986911
147.263173520123,277.418346761732,145.562567163788,143.103644765872,172.904607114245,146.384275458164,178.417823738434,149.992239420901,145.674674000382,149.234918360092
139.138233326231,301.311348684059,139.277364519217,166.182352512634,196.717638291886,165.696007765442,197.857007206083,164.353379268418,176.725870305496,148.576115165767
145.13473396884,274.898254501954,144.343868043059,152.110353533944,197.310935931808,151.831143857815,191.770741989857,158.289990580544,168.756053232103,154.73790387795
140.407888889136,261.722089664396,139.85370703838,143.802381193718,165.939526602634,144.556581846263,161.95287477532,148.613044515843,147.537310877048,152.264002185503
151.694635304559,297.773193808284,150.817195867788,171.147213931716,207.477004895307,171.736191153582,214.722400068405,166.67751501482,177.792006295513,159.288428638375
148.877227312615,277.623443409633,148.124357037874,151.348896314055,193.929623208119,150.608278770837,183.081996826422,155.597351131975,157.777138110841,159.185045995151
186.042356151255,356.396645784119,184.764825788249,198.936070080931,250.875193482456,202.17947745997,254.072357015532,201.082259705436,211.496295431395,197.301928657608
163.72767097223,335.013646715128,162.864845739763,188.590333263946,216.699389646948,186.480846085638,214.887555027692,185.159172168377,207.702220808534,171.031494608556
166.944654600801,355.703771653015,166.895033738272,186.977881485425,226.71890689947,186.066887943089,223.401839950722,189.404734576411,218.894393107974,178.329236524653
136.711271803913,263.59003156122,136.026324074525,135.60460265574,184.942605289098,137.516612356632,178.190214848221,139.5286003505,149.326240740537,144.048990177195
299.301210782087,588.453994840423,300.927446365948,365.255363866367,409.768329797536,357.983938338988,413.38374163778,377.57049658765,444.839150557894,292.921115363237
152.005756032437,307.108180280283,149.80820258979,166.22704515585,206.299803412555,159.77671277912,208.034886940131,164.283256370908,189.372055255661,162.306413366033
343.196579769958,649.603195958678,343.89671574372,384.226646836824,421.088948395108,382.319468817592,430.689263106985,396.607134021403,380.061353406719,357.92405674803
87.5746531450337,167.260230218068,86.7185268267084,84.5719662575538,106.47727562216,90.9094223370922,117.08594117931,86.6671710736793,96.4502808355724,96.2127104571528
150.519880524998,283.89203604273,149.39225343188,151.873559022978,199.26630303994,153.232720254531,191.084000184723,153.685904115227,168.708288814202,159.038324885151
105.50866924834,198.129773991647,104.635765999167,105.932661554456,127.366581549855,105.905819121976,133.512508289035,108.099116440858,110.25689804879,118.156442966677
138.038889330073,266.678673910486,137.551577134643,136.159860958207,182.152897698637,132.078431093836,203.394130177885,139.403024822857,168.919769120646,152.458109101052
164.411717515981,318.504838055386,163.681487650744,167.461251034134,207.460325986162,166.282105163471,202.662419039407,169.569815889163,168.172739375467,176.895651219563
271.00813593292,491.902211019118,270.21775772392,305.780368878818,351.115748566932,307.832488331901,369.274588397413,311.622190726632,373.818392688295,273.194576352598
155.77447441569,288.832783001556,154.700472221798,163.865070953381,200.211753048197,166.780591827364,206.744701010704,165.56479648174,172.30602067947,164.32221755623
149.463318790556,303.215283365715,148.565855982259,151.501458121656,190.442670309169,151.71765473645,183.957799931974,153.637140447245,159.69638758545,163.915668792816
183.026462255404,356.587472109903,181.883255952474,204.24099977382,239.890061508756,197.35892953064,235.512641185239,200.392806420004,223.442841977935,192.635928680919
127.580886727362,245.55542286955,126.774445312627,124.639523892937,173.567287015172,126.518262533033,167.483372544957,128.213516985418,137.047407861601,134.256565133341
112.490184787995,225.408322414585,112.131171328167,120.525107445459,137.266064745889,124.471702620988,138.320122179827,119.957881132771,121.060107800414,122.725633882345
151.329768330187,288.190422716806,150.311843926056,149.300175864234,183.438980603867,149.339092905909,177.050480311481,155.125965998663,154.776920869547,160.320067583194
176.659310883355,314.079822108725,175.388950695079,174.391463855726,212.504373640098,173.260038365371,211.511079701577,177.357474933107,189.588004358975,184.292525930617
166.25632914028,342.757785013124,165.665873283533,170.383665579622,213.10756456742,175.64343024703,221.561922100439,172.947692846371,184.578153745259,179.907879306213
140.348506225697,257.751056925219,139.417243115171,142.269214448492,185.61448111143,141.934428798924,182.831496493298,141.15784248746,148.754012318732,144.265835666708
118.191103095289,225.619107229164,117.568079314001,118.092367806219,146.503651105973,118.868490988161,142.590764350231,121.968419715286,125.58592093708,130.537882465446
221.244535368667,378.207161948919,219.396838962809,233.85901402109,272.293311638244,230.664198941438,283.296384519337,235.658959862869,246.568216693571,230.440465920819
164.914849634302,304.069646364423,163.166094017011,164.430296919619,191.682118970935,168.082839360715,190.765172339765,169.230506439782,166.436827645908,176.599246951746
153.284540219588,305.747313942316,152.399341789477,167.687726152508,199.229676016778,169.484768758196,205.280752501658,167.24436428392,192.38369260131,171.046767840604
303.383168198171,604.928646806731,302.946711967179,351.371720826708,380.612697047418,344.670555440636,401.625754585808,370.077540341088,397.6009846473,309.554467961543
315.831260793279,683.43773023553,315.60295407159,346.59265956338,394.251026871416,333.114356512759,429.893365863998,348.610208293875,434.488018127993,320.164072552863
170.795004429791,319.677010160224,169.704410749064,170.566395702914,210.693245306642,168.676273739148,201.535958214134,175.974653303721,174.712086572007,183.148125367788
169.095098453384,328.755454235631,168.084373923582,179.146146416659,197.401007088496,184.851197476011,211.839097134621,184.099669192645,203.639917148088,176.755084989728
122.476986475365,267.913751651691,121.825315622643,121.183556348944,168.715087339617,124.000205818407,165.189410392005,123.33737060584,139.500130789656,132.812517502248
128.498518821593,238.442592836452,127.795523099338,136.099808084948,188.184119733887,138.463695575918,186.992793040985,134.934431703148,139.655196003735,133.78903529767
106.846227647654,199.052086582473,106.298608668104,110.388982072632,142.804338924098,110.363520142146,134.967627855944,113.072588217388,118.511740526987,117.097697694735
149.311033677534,297.166686277324,148.849599350554,153.530448012227,188.523780269268,156.633904047921,175.719779082785,158.054044077862,161.53232930507,165.197599368227
155.191617449256,299.862962316184,154.465057151995,167.68457611718,184.189970576023,167.062943958014,183.555103646281,165.871545656623,163.36611591932,165.921977690793
137.70062128784,283.479343172919,137.641245475673,148.864172562879,195.904390960478,147.793181912496,181.137854841228,146.620611777734,174.378960274584,145.563297078367
162.607350669594,349.78342792162,162.642021261677,176.911195998671,202.118795487401,174.738865870391,197.336513446727,176.509612300303,202.921494140181,168.062967970234
199.407123608357,407.909687388344,197.413160161762,220.260563115252,256.497550971953,224.209759258364,260.305105600022,218.565169682062,236.14347336889,210.223124528263
147.981135764371,288.336414901808,147.402708326206,151.390181438766,187.767929256666,150.850913479597,176.633051872626,153.152714489122,157.662773486696,161.7288028214
207.422993146452,377.705185920913,206.288431645301,233.925485261395,255.923062653911,226.996610285299,263.972005596991,234.18315467149,238.746929595918,210.771707508805
238.973048657233,479.04755884709,238.711362934475,259.843909431584,297.862198713577,267.586167692039,298.815165619429,262.358425323394,275.000810390299,254.644351911804
151.342248882949,299.542881939303,150.323188096075,153.91455884328,195.256086651382,153.970414326494,189.011990200253,157.258802769017,164.914007527879,158.530287037115
134.087863150696,273.438466655189,133.368594844292,157.965237568616,193.527806324016,155.426033729454,199.596753419523,164.783325011813,148.27948581264,137.155081641944
162.235875477972,352.849371661021,160.821436100643,166.378355502013,215.129049175599,163.444169632658,223.990381236772,170.732385048398,191.106918973113,166.115806872508
160.279286291546,325.678889936396,159.72457836245,187.631117503366,227.33820480816,188.213235510949,230.273865279337,183.292185192871,206.754791367923,167.615590007381
150.495932092628,297.11577760397,149.753418982522,170.539501822644,205.330864213682,174.217184961729,216.451309384915,168.230910225493,173.381123798898,159.802078120016
285.134272441616,517.338290789455,286.525842340191,343.440063673822,367.167618135792,341.899261005296,366.442311788562,363.716988494754,352.680849749105,296.140254236332
235.071488948047,435.046731894049,234.724977666432,264.309692077549,292.951749682162,262.088747451836,312.654011575431,264.578429507688,303.663564920021,240.374276809735
133.894899201212,273.355901314732,133.244938128504,148.104439843815,183.078137090002,148.556048085102,183.679216381434,147.635131097121,147.585718780783,140.328653225356
165.641843316954,303.419068068667,164.295489341135,163.69556545369,185.648482467452,169.253184199852,182.497004347117,172.169644213612,168.348661397635,178.033138585639
146.818056102789,281.297692095962,146.328903732388,154.805407116702,176.762642965173,156.524708688573,181.951711586104,158.906551919058,161.672151269427,156.035157660241
144.056717814218,283.182582788216,142.714227619004,146.098562135656,181.58954294633,148.250589760527,185.585205362979,150.425062551201,154.380352198846,153.117752743012
168.948471501955,352.260810982146,169.118894081805,187.272770026747,214.615011731431,184.427316120145,215.956294918019,183.587081864425,213.686703966637,175.469993726657
126.802626479806,238.149277948771,126.057473061559,145.164270406746,159.512323096074,143.771462559293,156.810604484733,141.651015518991,147.441611501513,134.33851491438
244.571348813593,493.721051774007,244.138030864339,256.319863109838,286.347247344546,256.793863435761,294.1499969798,260.761958319768,280.174426131339,258.105943494957
152.377995808076,332.744084146199,152.337441556172,182.020781308963,229.896410710855,186.393745862768,234.358023474702,180.421547610028,200.774868751872,167.252596793311
176.825243271712,327.253173717404,176.302260533511,179.486079021064,220.178999141136,181.03012203232,211.073830109598,185.059948915825,186.271958531817,185.904997149262
158.924564116541,328.723731923261,158.212840519903,176.088173382083,214.261097327041,177.685170286107,217.133576769857,177.039254103605,181.781325087074,167.74071589184
166.354601287996,326.808233198954,165.303080401378,183.908300385055,227.699887558677,179.629796686942,224.861440171985,181.339991161469,204.966627248301,177.024336082822
343.802009538028,640.705025531886,344.640265867417,378.18655871362,414.559386951149,374.411284809832,429.664777688899,387.299739639653,377.612888321479,360.385528433742
189.249595462319,369.415674378348,188.383015167,202.909213527909,229.44128097925,199.984198403136,233.723462051322,204.532039232454,206.055054134387,200.214208783088
181.872359956363,360.064757062233,180.745561180426,202.095656829172,244.05974987911,204.396498980621,249.498174994248,198.689545046928,198.410832113079,188.794934635804
192.360427450881,353.718805781444,191.243623726121,189.265299940554,217.918088816264,192.035069446727,208.01505279343,198.418127085236,191.116263181553,198.545402433265
186.963494325226,370.910043537674,186.849422952539,201.519096899444,234.887032126583,205.718442161593,237.409528459547,205.711137624735,227.529669512573,202.64317412729
143.076248750851,280.454927323669,142.119595973222,150.493519698521,185.130689430877,151.217312374464,183.322003659812,153.139590196067,157.607071576308,156.003407297879
146.791905484262,321.636740989216,146.545542126974,165.369307891443,195.246698853756,165.932718281932,198.791362896377,166.583170462263,181.480751481262,158.260699581982
157.632617161397,339.000801446133,156.969333307575,171.562170291863,211.76761180069,172.738299282728,214.611239357355,170.672703602777,196.530502892651,169.642763503233
152.278885820174,297.660145673762,151.539301159476,163.688203334244,202.182458296349,166.687631164363,198.66676974144,168.911859801273,158.492842638849,158.713730240448
157.597318995222,324.44640245501,156.661070277179,183.211776112398,221.740321562384,181.824839518741,223.689908923478,176.921151042448,202.419010422584,167.780209570769
316.569009941269,637.117597726859,317.273967322948,372.048267141404,402.797917576468,376.530459902875,422.908940187041,394.330792110027,476.173923866993,324.093490977263
128.164172212145,253.255090813679,126.987888055735,129.561728728748,163.517923610278,129.094843060718,165.472443161751,142.644516714207,142.298216227265,135.781931416783
156.659543563638,288.275215464651,154.919377035759,155.539357754265,186.782736020217,155.541601461625,183.499519023223,160.883847156419,166.249200213962,166.421987807741
109.267708133847,220.069416753802,108.459004162731,111.744199870011,145.261187833548,113.365094857645,146.16128782658,113.289679668158,119.59841075392,115.596432555191
158.30134955801,309.926392624808,158.182031483371,190.358939772969,236.563617937346,198.511095689729,255.717054517939,182.486218909351,209.234803823518,164.742519158198
148.110917031696,323.707067089883,147.8612190671,176.268009484047,225.786651877516,181.408119082211,230.419460126044,170.717192026966,175.586013218074,153.77157282523
168.058226314171,319.956754824516,166.486894031977,166.604915511251,198.220046444964,164.806014651746,207.463545994633,168.472310638585,177.831382840351,182.032010526072
149.917958895649,291.008217841766,148.974905259586,153.165504866056,185.928315572221,152.794106466469,177.71585418217,160.705320515857,157.25539172586,156.204790938359
175.423668778994,368.767438745022,174.554002822982,191.667793803362,208.580631381922,193.271484599572,212.697540610642,190.177764438524,202.179294272802,187.47910381954
145.891186553067,307.818924171119,145.882956562839,157.650003162032,191.253796856532,157.49258831568,189.957031244183,158.695669219318,182.835903412245,155.230485558796
119.551726312946,244.663822766116,118.900332893134,124.661852046584,139.94009195223,124.107045531674,150.415946981526,125.525446089687,130.739287599461,131.490445704656
191.802783486933,389.716082747316,189.913907880048,204.245067238528,249.613411299698,200.923002348063,246.674799214256,202.388508291854,224.362942817427,203.18034464991
170.385115595277,313.310061261482,169.511025706926,173.745881378785,208.337457745594,174.572657775063,199.286806827559,176.723407685796,171.481764398287,181.998981629062
163.87601316372,317.117676629304,162.467989126699,162.700682326796,205.200030799786,166.391694293835,219.596215321376,165.203567043501,176.590786144268,175.566678561199
